query,start,end,day_count
(from:1hildegarde) OR (from:alanfarrell) OR (from:alankellylabour) OR (from:anneferristd) OR (from:annphelan1) OR (from:anthonylawlorfg) OR (from:aodhanoriordain) OR (from:aosnodaigh) OR (from:bernarddurkantd) OR (from:bgriffintd) OR (from:billy_timmins) OR (from:brendansmithtd) OR (from:brianwalshfg) OR (from:catherinegalway) OR (from:cathmurphytd) OR (from:charlieflanagan) OR (from:ciarancannon) OR (from:ciarancuffe) OR (from:claredalymep) OR (from:corcorankennedy) OR (from:cormacdevlin) OR (from:cowenbarry) OR (from:damien_english) OR (from:dannevilletd) OR (from:daracalleary) OR (from:davidcullinane) OR (from:davidstantontd) OR (from:denisnaughten) OR (from:donnellystephen) OR (from:drjamesreilly) OR (from:eamonocuiv) OR (from:eamonryan) OR (from:fergusodowd) OR (from:finianmcgrath) OR (from:fitzgeraldfrncs) OR (from:frankfeighan) OR (from:geraldnash) OR (from:ivanabacik) OR (from:janosullivantd) OR (from:jmcguinnesstd) OR (from:joan_burton) OR (from:joancollinstd) OR (from:joecareytd),2020-02-01T00:00:00.000Z,2020-02-02T00:00:00.000Z,188
(from:1hildegarde) OR (from:alanfarrell) OR (from:alankellylabour) OR (from:anneferristd) OR (from:annphelan1) OR (from:anthonylawlorfg) OR (from:aodhanoriordain) OR (from:aosnodaigh) OR (from:bernarddurkantd) OR (from:bgriffintd) OR (from:billy_timmins) OR (from:brendansmithtd) OR (from:brianwalshfg) OR (from:catherinegalway) OR (from:cathmurphytd) OR (from:charlieflanagan) OR (from:ciarancannon) OR (from:ciarancuffe) OR (from:claredalymep) OR (from:corcorankennedy) OR (from:cormacdevlin) OR (from:cowenbarry) OR (from:damien_english) OR (from:dannevilletd) OR (from:daracalleary) OR (from:davidcullinane) OR (from:davidstantontd) OR (from:denisnaughten) OR (from:donnellystephen) OR (from:drjamesreilly) OR (from:eamonocuiv) OR (from:eamonryan) OR (from:fergusodowd) OR (from:finianmcgrath) OR (from:fitzgeraldfrncs) OR (from:frankfeighan) OR (from:geraldnash) OR (from:ivanabacik) OR (from:janosullivantd) OR (from:jmcguinnesstd) OR (from:joan_burton) OR (from:joancollinstd) OR (from:joecareytd),2020-02-02T00:00:00.000Z,2020-02-03T00:00:00.000Z,156
(from:1hildegarde) OR (from:alanfarrell) OR (from:alankellylabour) OR (from:anneferristd) OR (from:annphelan1) OR (from:anthonylawlorfg) OR (from:aodhanoriordain) OR (from:aosnodaigh) OR (from:bernarddurkantd) OR (from:bgriffintd) OR (from:billy_timmins) OR (from:brendansmithtd) OR (from:brianwalshfg) OR (from:catherinegalway) OR (from:cathmurphytd) OR (from:charlieflanagan) OR (from:ciarancannon) OR (from:ciarancuffe) OR (from:claredalymep) OR (from:corcorankennedy) OR (from:cormacdevlin) OR (from:cowenbarry) OR (from:damien_english) OR (from:dannevilletd) OR (from:daracalleary) OR (from:davidcullinane) OR (from:davidstantontd) OR (from:denisnaughten) OR (from:donnellystephen) OR (from:drjamesreilly) OR (from:eamonocuiv) OR (from:eamonryan) OR (from:fergusodowd) OR (from:finianmcgrath) OR (from:fitzgeraldfrncs) OR (from:frankfeighan) OR (from:geraldnash) OR (from:ivanabacik) OR (from:janosullivantd) OR (from:jmcguinnesstd) OR (from:joan_burton) OR (from:joancollinstd) OR (from:joecareytd),2020-02-03T00:00:00.000Z,2020-02-04T00:00:00.000Z,157
(from:1hildegarde) OR (from:alanfarrell) OR (from:alankellylabour) OR (from:anneferristd) OR (from:annphelan1) OR (from:anthonylawlorfg) OR (from:aodhanoriordain) OR (from:aosnodaigh) OR (from:bernarddurkantd) OR (from:bgriffintd) OR (from:billy_timmins) OR (from:brendansmithtd) OR (from:brianwalshfg) OR (from:catherinegalway) OR (from:cathmurphytd) OR (from:charlieflanagan) OR (from:ciarancannon) OR (from:ciarancuffe) OR (from:claredalymep) OR (from:corcorankennedy) OR (from:cormacdevlin) OR (from:cowenbarry) OR (from:damien_english) OR (from:dannevilletd) OR (from:daracalleary) OR (from:davidcullinane) OR (from:davidstantontd) OR (from:denisnaughten) OR (from:donnellystephen) OR (from:drjamesreilly) OR (from:eamonocuiv) OR (from:eamonryan) OR (from:fergusodowd) OR (from:finianmcgrath) OR (from:fitzgeraldfrncs) OR (from:frankfeighan) OR (from:geraldnash) OR (from:ivanabacik) OR (from:janosullivantd) OR (from:jmcguinnesstd) OR (from:joan_burton) OR (from:joancollinstd) OR (from:joecareytd),2020-02-04T00:00:00.000Z,2020-02-05T00:00:00.000Z,217
(from:1hildegarde) OR (from:alanfarrell) OR (from:alankellylabour) OR (from:anneferristd) OR (from:annphelan1) OR (from:anthonylawlorfg) OR (from:aodhanoriordain) OR (from:aosnodaigh) OR (from:bernarddurkantd) OR (from:bgriffintd) OR (from:billy_timmins) OR (from:brendansmithtd) OR (from:brianwalshfg) OR (from:catherinegalway) OR (from:cathmurphytd) OR (from:charlieflanagan) OR (from:ciarancannon) OR (from:ciarancuffe) OR (from:claredalymep) OR (from:corcorankennedy) OR (from:cormacdevlin) OR (from:cowenbarry) OR (from:damien_english) OR (from:dannevilletd) OR (from:daracalleary) OR (from:davidcullinane) OR (from:davidstantontd) OR (from:denisnaughten) OR (from:donnellystephen) OR (from:drjamesreilly) OR (from:eamonocuiv) OR (from:eamonryan) OR (from:fergusodowd) OR (from:finianmcgrath) OR (from:fitzgeraldfrncs) OR (from:frankfeighan) OR (from:geraldnash) OR (from:ivanabacik) OR (from:janosullivantd) OR (from:jmcguinnesstd) OR (from:joan_burton) OR (from:joancollinstd) OR (from:joecareytd),2020-02-05T00:00:00.000Z,2020-02-06T00:00:00.000Z,222
(from:1hildegarde) OR (from:alanfarrell) OR (from:alankellylabour) OR (from:anneferristd) OR (from:annphelan1) OR (from:anthonylawlorfg) OR (from:aodhanoriordain) OR (from:aosnodaigh) OR (from:bernarddurkantd) OR (from:bgriffintd) OR (from:billy_timmins) OR (from:brendansmithtd) OR (from:brianwalshfg) OR (from:catherinegalway) OR (from:cathmurphytd) OR (from:charlieflanagan) OR (from:ciarancannon) OR (from:ciarancuffe) OR (from:claredalymep) OR (from:corcorankennedy) OR (from:cormacdevlin) OR (from:cowenbarry) OR (from:damien_english) OR (from:dannevilletd) OR (from:daracalleary) OR (from:davidcullinane) OR (from:davidstantontd) OR (from:denisnaughten) OR (from:donnellystephen) OR (from:drjamesreilly) OR (from:eamonocuiv) OR (from:eamonryan) OR (from:fergusodowd) OR (from:finianmcgrath) OR (from:fitzgeraldfrncs) OR (from:frankfeighan) OR (from:geraldnash) OR (from:ivanabacik) OR (from:janosullivantd) OR (from:jmcguinnesstd) OR (from:joan_burton) OR (from:joancollinstd) OR (from:joecareytd),2020-02-06T00:00:00.000Z,2020-02-07T00:00:00.000Z,258
(from:1hildegarde) OR (from:alanfarrell) OR (from:alankellylabour) OR (from:anneferristd) OR (from:annphelan1) OR (from:anthonylawlorfg) OR (from:aodhanoriordain) OR (from:aosnodaigh) OR (from:bernarddurkantd) OR (from:bgriffintd) OR (from:billy_timmins) OR (from:brendansmithtd) OR (from:brianwalshfg) OR (from:catherinegalway) OR (from:cathmurphytd) OR (from:charlieflanagan) OR (from:ciarancannon) OR (from:ciarancuffe) OR (from:claredalymep) OR (from:corcorankennedy) OR (from:cormacdevlin) OR (from:cowenbarry) OR (from:damien_english) OR (from:dannevilletd) OR (from:daracalleary) OR (from:davidcullinane) OR (from:davidstantontd) OR (from:denisnaughten) OR (from:donnellystephen) OR (from:drjamesreilly) OR (from:eamonocuiv) OR (from:eamonryan) OR (from:fergusodowd) OR (from:finianmcgrath) OR (from:fitzgeraldfrncs) OR (from:frankfeighan) OR (from:geraldnash) OR (from:ivanabacik) OR (from:janosullivantd) OR (from:jmcguinnesstd) OR (from:joan_burton) OR (from:joancollinstd) OR (from:joecareytd),2020-02-07T00:00:00.000Z,2020-02-08T00:00:00.000Z,215
(from:1hildegarde) OR (from:alanfarrell) OR (from:alankellylabour) OR (from:anneferristd) OR (from:annphelan1) OR (from:anthonylawlorfg) OR (from:aodhanoriordain) OR (from:aosnodaigh) OR (from:bernarddurkantd) OR (from:bgriffintd) OR (from:billy_timmins) OR (from:brendansmithtd) OR (from:brianwalshfg) OR (from:catherinegalway) OR (from:cathmurphytd) OR (from:charlieflanagan) OR (from:ciarancannon) OR (from:ciarancuffe) OR (from:claredalymep) OR (from:corcorankennedy) OR (from:cormacdevlin) OR (from:cowenbarry) OR (from:damien_english) OR (from:dannevilletd) OR (from:daracalleary) OR (from:davidcullinane) OR (from:davidstantontd) OR (from:denisnaughten) OR (from:donnellystephen) OR (from:drjamesreilly) OR (from:eamonocuiv) OR (from:eamonryan) OR (from:fergusodowd) OR (from:finianmcgrath) OR (from:fitzgeraldfrncs) OR (from:frankfeighan) OR (from:geraldnash) OR (from:ivanabacik) OR (from:janosullivantd) OR (from:jmcguinnesstd) OR (from:joan_burton) OR (from:joancollinstd) OR (from:joecareytd),2020-02-08T00:00:00.000Z,2020-02-09T00:00:00.000Z,267
(from:1hildegarde) OR (from:alanfarrell) OR (from:alankellylabour) OR (from:anneferristd) OR (from:annphelan1) OR (from:anthonylawlorfg) OR (from:aodhanoriordain) OR (from:aosnodaigh) OR (from:bernarddurkantd) OR (from:bgriffintd) OR (from:billy_timmins) OR (from:brendansmithtd) OR (from:brianwalshfg) OR (from:catherinegalway) OR (from:cathmurphytd) OR (from:charlieflanagan) OR (from:ciarancannon) OR (from:ciarancuffe) OR (from:claredalymep) OR (from:corcorankennedy) OR (from:cormacdevlin) OR (from:cowenbarry) OR (from:damien_english) OR (from:dannevilletd) OR (from:daracalleary) OR (from:davidcullinane) OR (from:davidstantontd) OR (from:denisnaughten) OR (from:donnellystephen) OR (from:drjamesreilly) OR (from:eamonocuiv) OR (from:eamonryan) OR (from:fergusodowd) OR (from:finianmcgrath) OR (from:fitzgeraldfrncs) OR (from:frankfeighan) OR (from:geraldnash) OR (from:ivanabacik) OR (from:janosullivantd) OR (from:jmcguinnesstd) OR (from:joan_burton) OR (from:joancollinstd) OR (from:joecareytd),2020-02-09T00:00:00.000Z,2020-02-10T00:00:00.000Z,85
(from:1hildegarde) OR (from:alanfarrell) OR (from:alankellylabour) OR (from:anneferristd) OR (from:annphelan1) OR (from:anthonylawlorfg) OR (from:aodhanoriordain) OR (from:aosnodaigh) OR (from:bernarddurkantd) OR (from:bgriffintd) OR (from:billy_timmins) OR (from:brendansmithtd) OR (from:brianwalshfg) OR (from:catherinegalway) OR (from:cathmurphytd) OR (from:charlieflanagan) OR (from:ciarancannon) OR (from:ciarancuffe) OR (from:claredalymep) OR (from:corcorankennedy) OR (from:cormacdevlin) OR (from:cowenbarry) OR (from:damien_english) OR (from:dannevilletd) OR (from:daracalleary) OR (from:davidcullinane) OR (from:davidstantontd) OR (from:denisnaughten) OR (from:donnellystephen) OR (from:drjamesreilly) OR (from:eamonocuiv) OR (from:eamonryan) OR (from:fergusodowd) OR (from:finianmcgrath) OR (from:fitzgeraldfrncs) OR (from:frankfeighan) OR (from:geraldnash) OR (from:ivanabacik) OR (from:janosullivantd) OR (from:jmcguinnesstd) OR (from:joan_burton) OR (from:joancollinstd) OR (from:joecareytd),2020-02-10T00:00:00.000Z,2020-02-11T00:00:00.000Z,116
(from:1hildegarde) OR (from:alanfarrell) OR (from:alankellylabour) OR (from:anneferristd) OR (from:annphelan1) OR (from:anthonylawlorfg) OR (from:aodhanoriordain) OR (from:aosnodaigh) OR (from:bernarddurkantd) OR (from:bgriffintd) OR (from:billy_timmins) OR (from:brendansmithtd) OR (from:brianwalshfg) OR (from:catherinegalway) OR (from:cathmurphytd) OR (from:charlieflanagan) OR (from:ciarancannon) OR (from:ciarancuffe) OR (from:claredalymep) OR (from:corcorankennedy) OR (from:cormacdevlin) OR (from:cowenbarry) OR (from:damien_english) OR (from:dannevilletd) OR (from:daracalleary) OR (from:davidcullinane) OR (from:davidstantontd) OR (from:denisnaughten) OR (from:donnellystephen) OR (from:drjamesreilly) OR (from:eamonocuiv) OR (from:eamonryan) OR (from:fergusodowd) OR (from:finianmcgrath) OR (from:fitzgeraldfrncs) OR (from:frankfeighan) OR (from:geraldnash) OR (from:ivanabacik) OR (from:janosullivantd) OR (from:jmcguinnesstd) OR (from:joan_burton) OR (from:joancollinstd) OR (from:joecareytd),2020-02-11T00:00:00.000Z,2020-02-12T00:00:00.000Z,189
(from:1hildegarde) OR (from:alanfarrell) OR (from:alankellylabour) OR (from:anneferristd) OR (from:annphelan1) OR (from:anthonylawlorfg) OR (from:aodhanoriordain) OR (from:aosnodaigh) OR (from:bernarddurkantd) OR (from:bgriffintd) OR (from:billy_timmins) OR (from:brendansmithtd) OR (from:brianwalshfg) OR (from:catherinegalway) OR (from:cathmurphytd) OR (from:charlieflanagan) OR (from:ciarancannon) OR (from:ciarancuffe) OR (from:claredalymep) OR (from:corcorankennedy) OR (from:cormacdevlin) OR (from:cowenbarry) OR (from:damien_english) OR (from:dannevilletd) OR (from:daracalleary) OR (from:davidcullinane) OR (from:davidstantontd) OR (from:denisnaughten) OR (from:donnellystephen) OR (from:drjamesreilly) OR (from:eamonocuiv) OR (from:eamonryan) OR (from:fergusodowd) OR (from:finianmcgrath) OR (from:fitzgeraldfrncs) OR (from:frankfeighan) OR (from:geraldnash) OR (from:ivanabacik) OR (from:janosullivantd) OR (from:jmcguinnesstd) OR (from:joan_burton) OR (from:joancollinstd) OR (from:joecareytd),2020-02-12T00:00:00.000Z,2020-02-13T00:00:00.000Z,76
(from:1hildegarde) OR (from:alanfarrell) OR (from:alankellylabour) OR (from:anneferristd) OR (from:annphelan1) OR (from:anthonylawlorfg) OR (from:aodhanoriordain) OR (from:aosnodaigh) OR (from:bernarddurkantd) OR (from:bgriffintd) OR (from:billy_timmins) OR (from:brendansmithtd) OR (from:brianwalshfg) OR (from:catherinegalway) OR (from:cathmurphytd) OR (from:charlieflanagan) OR (from:ciarancannon) OR (from:ciarancuffe) OR (from:claredalymep) OR (from:corcorankennedy) OR (from:cormacdevlin) OR (from:cowenbarry) OR (from:damien_english) OR (from:dannevilletd) OR (from:daracalleary) OR (from:davidcullinane) OR (from:davidstantontd) OR (from:denisnaughten) OR (from:donnellystephen) OR (from:drjamesreilly) OR (from:eamonocuiv) OR (from:eamonryan) OR (from:fergusodowd) OR (from:finianmcgrath) OR (from:fitzgeraldfrncs) OR (from:frankfeighan) OR (from:geraldnash) OR (from:ivanabacik) OR (from:janosullivantd) OR (from:jmcguinnesstd) OR (from:joan_burton) OR (from:joancollinstd) OR (from:joecareytd),2020-02-13T00:00:00.000Z,2020-02-14T00:00:00.000Z,84
(from:1hildegarde) OR (from:alanfarrell) OR (from:alankellylabour) OR (from:anneferristd) OR (from:annphelan1) OR (from:anthonylawlorfg) OR (from:aodhanoriordain) OR (from:aosnodaigh) OR (from:bernarddurkantd) OR (from:bgriffintd) OR (from:billy_timmins) OR (from:brendansmithtd) OR (from:brianwalshfg) OR (from:catherinegalway) OR (from:cathmurphytd) OR (from:charlieflanagan) OR (from:ciarancannon) OR (from:ciarancuffe) OR (from:claredalymep) OR (from:corcorankennedy) OR (from:cormacdevlin) OR (from:cowenbarry) OR (from:damien_english) OR (from:dannevilletd) OR (from:daracalleary) OR (from:davidcullinane) OR (from:davidstantontd) OR (from:denisnaughten) OR (from:donnellystephen) OR (from:drjamesreilly) OR (from:eamonocuiv) OR (from:eamonryan) OR (from:fergusodowd) OR (from:finianmcgrath) OR (from:fitzgeraldfrncs) OR (from:frankfeighan) OR (from:geraldnash) OR (from:ivanabacik) OR (from:janosullivantd) OR (from:jmcguinnesstd) OR (from:joan_burton) OR (from:joancollinstd) OR (from:joecareytd),2020-02-14T00:00:00.000Z,2020-02-15T00:00:00.000Z,75
(from:johnbradysf) OR (from:mannixflynn) OR (from:marcmacsharry) OR (from:marianharkin) OR (from:martinheydonfg) OR (from:maryloumcdonald) OR (from:mattcarthy) OR (from:mattiemcgrathtd) OR (from:mcconalogue) OR (from:mhealyrae) OR (from:michaelcolreavy) OR (from:creedcnw) OR (from:michealmartintd) OR (from:mitchelloconnor) OR (from:murphyeoghan) OR (from:nealerichmond) OR (from:niallcollinstd) OR (from:padraigmacl) OR (from:paschald) OR (from:patbreen1) OR (from:patburtonfg) OR (from:patdeeringfg) OR (from:pauldonnellysf) OR (from:campaign4kehoe) OR (from:paulmcauliffe) OR (from:paulmurphy_TD) OR (from:pearsedoherty) OR (from:peterburkefg) OR (from:podonovan) OR (from:rboydbarrett) OR (from:rebeccamoy) OR (from:reginado) OR (from:richardbrutontd) OR (from:roberttroytd) OR (from:roisinshortall) OR (from:ruairiquinntd) OR (from:seankynesenator) OR (from:seansherlocktd) OR (from:simoncoveney) OR (from:simonharristd) OR (from:thomaspringletd) OR (from:toibin1) OR (from:willieodealive) OR (from:chrisandrews64),2020-02-01T00:00:00.000Z,2020-02-02T00:00:00.000Z,152
(from:johnbradysf) OR (from:mannixflynn) OR (from:marcmacsharry) OR (from:marianharkin) OR (from:martinheydonfg) OR (from:maryloumcdonald) OR (from:mattcarthy) OR (from:mattiemcgrathtd) OR (from:mcconalogue) OR (from:mhealyrae) OR (from:michaelcolreavy) OR (from:creedcnw) OR (from:michealmartintd) OR (from:mitchelloconnor) OR (from:murphyeoghan) OR (from:nealerichmond) OR (from:niallcollinstd) OR (from:padraigmacl) OR (from:paschald) OR (from:patbreen1) OR (from:patburtonfg) OR (from:patdeeringfg) OR (from:pauldonnellysf) OR (from:campaign4kehoe) OR (from:paulmcauliffe) OR (from:paulmurphy_TD) OR (from:pearsedoherty) OR (from:peterburkefg) OR (from:podonovan) OR (from:rboydbarrett) OR (from:rebeccamoy) OR (from:reginado) OR (from:richardbrutontd) OR (from:roberttroytd) OR (from:roisinshortall) OR (from:ruairiquinntd) OR (from:seankynesenator) OR (from:seansherlocktd) OR (from:simoncoveney) OR (from:simonharristd) OR (from:thomaspringletd) OR (from:toibin1) OR (from:willieodealive) OR (from:chrisandrews64),2020-02-02T00:00:00.000Z,2020-02-03T00:00:00.000Z,170
(from:johnbradysf) OR (from:mannixflynn) OR (from:marcmacsharry) OR (from:marianharkin) OR (from:martinheydonfg) OR (from:maryloumcdonald) OR (from:mattcarthy) OR (from:mattiemcgrathtd) OR (from:mcconalogue) OR (from:mhealyrae) OR (from:michaelcolreavy) OR (from:creedcnw) OR (from:michealmartintd) OR (from:mitchelloconnor) OR (from:murphyeoghan) OR (from:nealerichmond) OR (from:niallcollinstd) OR (from:padraigmacl) OR (from:paschald) OR (from:patbreen1) OR (from:patburtonfg) OR (from:patdeeringfg) OR (from:pauldonnellysf) OR (from:campaign4kehoe) OR (from:paulmcauliffe) OR (from:paulmurphy_TD) OR (from:pearsedoherty) OR (from:peterburkefg) OR (from:podonovan) OR (from:rboydbarrett) OR (from:rebeccamoy) OR (from:reginado) OR (from:richardbrutontd) OR (from:roberttroytd) OR (from:roisinshortall) OR (from:ruairiquinntd) OR (from:seankynesenator) OR (from:seansherlocktd) OR (from:simoncoveney) OR (from:simonharristd) OR (from:thomaspringletd) OR (from:toibin1) OR (from:willieodealive) OR (from:chrisandrews64),2020-02-03T00:00:00.000Z,2020-02-04T00:00:00.000Z,205
(from:johnbradysf) OR (from:mannixflynn) OR (from:marcmacsharry) OR (from:marianharkin) OR (from:martinheydonfg) OR (from:maryloumcdonald) OR (from:mattcarthy) OR (from:mattiemcgrathtd) OR (from:mcconalogue) OR (from:mhealyrae) OR (from:michaelcolreavy) OR (from:creedcnw) OR (from:michealmartintd) OR (from:mitchelloconnor) OR (from:murphyeoghan) OR (from:nealerichmond) OR (from:niallcollinstd) OR (from:padraigmacl) OR (from:paschald) OR (from:patbreen1) OR (from:patburtonfg) OR (from:patdeeringfg) OR (from:pauldonnellysf) OR (from:campaign4kehoe) OR (from:paulmcauliffe) OR (from:paulmurphy_TD) OR (from:pearsedoherty) OR (from:peterburkefg) OR (from:podonovan) OR (from:rboydbarrett) OR (from:rebeccamoy) OR (from:reginado) OR (from:richardbrutontd) OR (from:roberttroytd) OR (from:roisinshortall) OR (from:ruairiquinntd) OR (from:seankynesenator) OR (from:seansherlocktd) OR (from:simoncoveney) OR (from:simonharristd) OR (from:thomaspringletd) OR (from:toibin1) OR (from:willieodealive) OR (from:chrisandrews64),2020-02-04T00:00:00.000Z,2020-02-05T00:00:00.000Z,287
(from:johnbradysf) OR (from:mannixflynn) OR (from:marcmacsharry) OR (from:marianharkin) OR (from:martinheydonfg) OR (from:maryloumcdonald) OR (from:mattcarthy) OR (from:mattiemcgrathtd) OR (from:mcconalogue) OR (from:mhealyrae) OR (from:michaelcolreavy) OR (from:creedcnw) OR (from:michealmartintd) OR (from:mitchelloconnor) OR (from:murphyeoghan) OR (from:nealerichmond) OR (from:niallcollinstd) OR (from:padraigmacl) OR (from:paschald) OR (from:patbreen1) OR (from:patburtonfg) OR (from:patdeeringfg) OR (from:pauldonnellysf) OR (from:campaign4kehoe) OR (from:paulmcauliffe) OR (from:paulmurphy_TD) OR (from:pearsedoherty) OR (from:peterburkefg) OR (from:podonovan) OR (from:rboydbarrett) OR (from:rebeccamoy) OR (from:reginado) OR (from:richardbrutontd) OR (from:roberttroytd) OR (from:roisinshortall) OR (from:ruairiquinntd) OR (from:seankynesenator) OR (from:seansherlocktd) OR (from:simoncoveney) OR (from:simonharristd) OR (from:thomaspringletd) OR (from:toibin1) OR (from:willieodealive) OR (from:chrisandrews64),2020-02-05T00:00:00.000Z,2020-02-06T00:00:00.000Z,216
(from:johnbradysf) OR (from:mannixflynn) OR (from:marcmacsharry) OR (from:marianharkin) OR (from:martinheydonfg) OR (from:maryloumcdonald) OR (from:mattcarthy) OR (from:mattiemcgrathtd) OR (from:mcconalogue) OR (from:mhealyrae) OR (from:michaelcolreavy) OR (from:creedcnw) OR (from:michealmartintd) OR (from:mitchelloconnor) OR (from:murphyeoghan) OR (from:nealerichmond) OR (from:niallcollinstd) OR (from:padraigmacl) OR (from:paschald) OR (from:patbreen1) OR (from:patburtonfg) OR (from:patdeeringfg) OR (from:pauldonnellysf) OR (from:campaign4kehoe) OR (from:paulmcauliffe) OR (from:paulmurphy_TD) OR (from:pearsedoherty) OR (from:peterburkefg) OR (from:podonovan) OR (from:rboydbarrett) OR (from:rebeccamoy) OR (from:reginado) OR (from:richardbrutontd) OR (from:roberttroytd) OR (from:roisinshortall) OR (from:ruairiquinntd) OR (from:seankynesenator) OR (from:seansherlocktd) OR (from:simoncoveney) OR (from:simonharristd) OR (from:thomaspringletd) OR (from:toibin1) OR (from:willieodealive) OR (from:chrisandrews64),2020-02-06T00:00:00.000Z,2020-02-07T00:00:00.000Z,263
(from:johnbradysf) OR (from:mannixflynn) OR (from:marcmacsharry) OR (from:marianharkin) OR (from:martinheydonfg) OR (from:maryloumcdonald) OR (from:mattcarthy) OR (from:mattiemcgrathtd) OR (from:mcconalogue) OR (from:mhealyrae) OR (from:michaelcolreavy) OR (from:creedcnw) OR (from:michealmartintd) OR (from:mitchelloconnor) OR (from:murphyeoghan) OR (from:nealerichmond) OR (from:niallcollinstd) OR (from:padraigmacl) OR (from:paschald) OR (from:patbreen1) OR (from:patburtonfg) OR (from:patdeeringfg) OR (from:pauldonnellysf) OR (from:campaign4kehoe) OR (from:paulmcauliffe) OR (from:paulmurphy_TD) OR (from:pearsedoherty) OR (from:peterburkefg) OR (from:podonovan) OR (from:rboydbarrett) OR (from:rebeccamoy) OR (from:reginado) OR (from:richardbrutontd) OR (from:roberttroytd) OR (from:roisinshortall) OR (from:ruairiquinntd) OR (from:seankynesenator) OR (from:seansherlocktd) OR (from:simoncoveney) OR (from:simonharristd) OR (from:thomaspringletd) OR (from:toibin1) OR (from:willieodealive) OR (from:chrisandrews64),2020-02-07T00:00:00.000Z,2020-02-08T00:00:00.000Z,243
(from:johnbradysf) OR (from:mannixflynn) OR (from:marcmacsharry) OR (from:marianharkin) OR (from:martinheydonfg) OR (from:maryloumcdonald) OR (from:mattcarthy) OR (from:mattiemcgrathtd) OR (from:mcconalogue) OR (from:mhealyrae) OR (from:michaelcolreavy) OR (from:creedcnw) OR (from:michealmartintd) OR (from:mitchelloconnor) OR (from:murphyeoghan) OR (from:nealerichmond) OR (from:niallcollinstd) OR (from:padraigmacl) OR (from:paschald) OR (from:patbreen1) OR (from:patburtonfg) OR (from:patdeeringfg) OR (from:pauldonnellysf) OR (from:campaign4kehoe) OR (from:paulmcauliffe) OR (from:paulmurphy_TD) OR (from:pearsedoherty) OR (from:peterburkefg) OR (from:podonovan) OR (from:rboydbarrett) OR (from:rebeccamoy) OR (from:reginado) OR (from:richardbrutontd) OR (from:roberttroytd) OR (from:roisinshortall) OR (from:ruairiquinntd) OR (from:seankynesenator) OR (from:seansherlocktd) OR (from:simoncoveney) OR (from:simonharristd) OR (from:thomaspringletd) OR (from:toibin1) OR (from:willieodealive) OR (from:chrisandrews64),2020-02-08T00:00:00.000Z,2020-02-09T00:00:00.000Z,340
(from:johnbradysf) OR (from:mannixflynn) OR (from:marcmacsharry) OR (from:marianharkin) OR (from:martinheydonfg) OR (from:maryloumcdonald) OR (from:mattcarthy) OR (from:mattiemcgrathtd) OR (from:mcconalogue) OR (from:mhealyrae) OR (from:michaelcolreavy) OR (from:creedcnw) OR (from:michealmartintd) OR (from:mitchelloconnor) OR (from:murphyeoghan) OR (from:nealerichmond) OR (from:niallcollinstd) OR (from:padraigmacl) OR (from:paschald) OR (from:patbreen1) OR (from:patburtonfg) OR (from:patdeeringfg) OR (from:pauldonnellysf) OR (from:campaign4kehoe) OR (from:paulmcauliffe) OR (from:paulmurphy_TD) OR (from:pearsedoherty) OR (from:peterburkefg) OR (from:podonovan) OR (from:rboydbarrett) OR (from:rebeccamoy) OR (from:reginado) OR (from:richardbrutontd) OR (from:roberttroytd) OR (from:roisinshortall) OR (from:ruairiquinntd) OR (from:seankynesenator) OR (from:seansherlocktd) OR (from:simoncoveney) OR (from:simonharristd) OR (from:thomaspringletd) OR (from:toibin1) OR (from:willieodealive) OR (from:chrisandrews64),2020-02-09T00:00:00.000Z,2020-02-10T00:00:00.000Z,154
(from:johnbradysf) OR (from:mannixflynn) OR (from:marcmacsharry) OR (from:marianharkin) OR (from:martinheydonfg) OR (from:maryloumcdonald) OR (from:mattcarthy) OR (from:mattiemcgrathtd) OR (from:mcconalogue) OR (from:mhealyrae) OR (from:michaelcolreavy) OR (from:creedcnw) OR (from:michealmartintd) OR (from:mitchelloconnor) OR (from:murphyeoghan) OR (from:nealerichmond) OR (from:niallcollinstd) OR (from:padraigmacl) OR (from:paschald) OR (from:patbreen1) OR (from:patburtonfg) OR (from:patdeeringfg) OR (from:pauldonnellysf) OR (from:campaign4kehoe) OR (from:paulmcauliffe) OR (from:paulmurphy_TD) OR (from:pearsedoherty) OR (from:peterburkefg) OR (from:podonovan) OR (from:rboydbarrett) OR (from:rebeccamoy) OR (from:reginado) OR (from:richardbrutontd) OR (from:roberttroytd) OR (from:roisinshortall) OR (from:ruairiquinntd) OR (from:seankynesenator) OR (from:seansherlocktd) OR (from:simoncoveney) OR (from:simonharristd) OR (from:thomaspringletd) OR (from:toibin1) OR (from:willieodealive) OR (from:chrisandrews64),2020-02-10T00:00:00.000Z,2020-02-11T00:00:00.000Z,161
(from:johnbradysf) OR (from:mannixflynn) OR (from:marcmacsharry) OR (from:marianharkin) OR (from:martinheydonfg) OR (from:maryloumcdonald) OR (from:mattcarthy) OR (from:mattiemcgrathtd) OR (from:mcconalogue) OR (from:mhealyrae) OR (from:michaelcolreavy) OR (from:creedcnw) OR (from:michealmartintd) OR (from:mitchelloconnor) OR (from:murphyeoghan) OR (from:nealerichmond) OR (from:niallcollinstd) OR (from:padraigmacl) OR (from:paschald) OR (from:patbreen1) OR (from:patburtonfg) OR (from:patdeeringfg) OR (from:pauldonnellysf) OR (from:campaign4kehoe) OR (from:paulmcauliffe) OR (from:paulmurphy_TD) OR (from:pearsedoherty) OR (from:peterburkefg) OR (from:podonovan) OR (from:rboydbarrett) OR (from:rebeccamoy) OR (from:reginado) OR (from:richardbrutontd) OR (from:roberttroytd) OR (from:roisinshortall) OR (from:ruairiquinntd) OR (from:seankynesenator) OR (from:seansherlocktd) OR (from:simoncoveney) OR (from:simonharristd) OR (from:thomaspringletd) OR (from:toibin1) OR (from:willieodealive) OR (from:chrisandrews64),2020-02-11T00:00:00.000Z,2020-02-12T00:00:00.000Z,102
(from:johnbradysf) OR (from:mannixflynn) OR (from:marcmacsharry) OR (from:marianharkin) OR (from:martinheydonfg) OR (from:maryloumcdonald) OR (from:mattcarthy) OR (from:mattiemcgrathtd) OR (from:mcconalogue) OR (from:mhealyrae) OR (from:michaelcolreavy) OR (from:creedcnw) OR (from:michealmartintd) OR (from:mitchelloconnor) OR (from:murphyeoghan) OR (from:nealerichmond) OR (from:niallcollinstd) OR (from:padraigmacl) OR (from:paschald) OR (from:patbreen1) OR (from:patburtonfg) OR (from:patdeeringfg) OR (from:pauldonnellysf) OR (from:campaign4kehoe) OR (from:paulmcauliffe) OR (from:paulmurphy_TD) OR (from:pearsedoherty) OR (from:peterburkefg) OR (from:podonovan) OR (from:rboydbarrett) OR (from:rebeccamoy) OR (from:reginado) OR (from:richardbrutontd) OR (from:roberttroytd) OR (from:roisinshortall) OR (from:ruairiquinntd) OR (from:seankynesenator) OR (from:seansherlocktd) OR (from:simoncoveney) OR (from:simonharristd) OR (from:thomaspringletd) OR (from:toibin1) OR (from:willieodealive) OR (from:chrisandrews64),2020-02-12T00:00:00.000Z,2020-02-13T00:00:00.000Z,108
(from:johnbradysf) OR (from:mannixflynn) OR (from:marcmacsharry) OR (from:marianharkin) OR (from:martinheydonfg) OR (from:maryloumcdonald) OR (from:mattcarthy) OR (from:mattiemcgrathtd) OR (from:mcconalogue) OR (from:mhealyrae) OR (from:michaelcolreavy) OR (from:creedcnw) OR (from:michealmartintd) OR (from:mitchelloconnor) OR (from:murphyeoghan) OR (from:nealerichmond) OR (from:niallcollinstd) OR (from:padraigmacl) OR (from:paschald) OR (from:patbreen1) OR (from:patburtonfg) OR (from:patdeeringfg) OR (from:pauldonnellysf) OR (from:campaign4kehoe) OR (from:paulmcauliffe) OR (from:paulmurphy_TD) OR (from:pearsedoherty) OR (from:peterburkefg) OR (from:podonovan) OR (from:rboydbarrett) OR (from:rebeccamoy) OR (from:reginado) OR (from:richardbrutontd) OR (from:roberttroytd) OR (from:roisinshortall) OR (from:ruairiquinntd) OR (from:seankynesenator) OR (from:seansherlocktd) OR (from:simoncoveney) OR (from:simonharristd) OR (from:thomaspringletd) OR (from:toibin1) OR (from:willieodealive) OR (from:chrisandrews64),2020-02-13T00:00:00.000Z,2020-02-14T00:00:00.000Z,109
(from:johnbradysf) OR (from:mannixflynn) OR (from:marcmacsharry) OR (from:marianharkin) OR (from:martinheydonfg) OR (from:maryloumcdonald) OR (from:mattcarthy) OR (from:mattiemcgrathtd) OR (from:mcconalogue) OR (from:mhealyrae) OR (from:michaelcolreavy) OR (from:creedcnw) OR (from:michealmartintd) OR (from:mitchelloconnor) OR (from:murphyeoghan) OR (from:nealerichmond) OR (from:niallcollinstd) OR (from:padraigmacl) OR (from:paschald) OR (from:patbreen1) OR (from:patburtonfg) OR (from:patdeeringfg) OR (from:pauldonnellysf) OR (from:campaign4kehoe) OR (from:paulmcauliffe) OR (from:paulmurphy_TD) OR (from:pearsedoherty) OR (from:peterburkefg) OR (from:podonovan) OR (from:rboydbarrett) OR (from:rebeccamoy) OR (from:reginado) OR (from:richardbrutontd) OR (from:roberttroytd) OR (from:roisinshortall) OR (from:ruairiquinntd) OR (from:seankynesenator) OR (from:seansherlocktd) OR (from:simoncoveney) OR (from:simonharristd) OR (from:thomaspringletd) OR (from:toibin1) OR (from:willieodealive) OR (from:chrisandrews64),2020-02-14T00:00:00.000Z,2020-02-15T00:00:00.000Z,97
(from:mickbarrytd) OR (from:berrycathal) OR (from:brophytalks) OR (from:jamesbrownetd) OR (from:browne4dail) OR (from:patbuckleysfme) OR (from:colmburketd) OR (from:marybutlertd) OR (from:thomasbyrnetd) OR (from:jackiecahillff) OR (from:hollycairnstd) OR (from:seancanney) OR (from:carrolljennifer) OR (from:jackfchambers) OR (from:sorcaclarke_td) OR (from:michaelc_ind_td) OR (from:conwaywalsh) OR (from:costellop) OR (from:readacronin) OR (from:cathalcrowetd) OR (from:seancrowetd) OR (from:alan_dillon) OR (from:fnduffy) OR (from:farrell_mairead) OR (from:michaelfitzmau1) OR (from:pfitzpatricktd) OR (from:joefla) OR (from:seanflemingtd) OR (from:normafoleytd1) OR (from:kathleensf1) OR (from:garygannontd) OR (from:thomasgouldsf) OR (from:johnnyguirke) OR (from:sean_haughey) OR (from:emerhigginstd) OR (from:neasa_neasa) OR (from:brendanhowlin) OR (from:hhumphreysfg) OR (from:ginosocialist) OR (from:martin_kenny) OR (from:clairekerrane) OR (from:johnlahart) OR (from:lawlessj) OR (from:brianleddin),2020-02-01T00:00:00.000Z,2020-02-02T00:00:00.000Z,146
(from:mickbarrytd) OR (from:berrycathal) OR (from:brophytalks) OR (from:jamesbrownetd) OR (from:browne4dail) OR (from:patbuckleysfme) OR (from:colmburketd) OR (from:marybutlertd) OR (from:thomasbyrnetd) OR (from:jackiecahillff) OR (from:hollycairnstd) OR (from:seancanney) OR (from:carrolljennifer) OR (from:jackfchambers) OR (from:sorcaclarke_td) OR (from:michaelc_ind_td) OR (from:conwaywalsh) OR (from:costellop) OR (from:readacronin) OR (from:cathalcrowetd) OR (from:seancrowetd) OR (from:alan_dillon) OR (from:fnduffy) OR (from:farrell_mairead) OR (from:michaelfitzmau1) OR (from:pfitzpatricktd) OR (from:joefla) OR (from:seanflemingtd) OR (from:normafoleytd1) OR (from:kathleensf1) OR (from:garygannontd) OR (from:thomasgouldsf) OR (from:johnnyguirke) OR (from:sean_haughey) OR (from:emerhigginstd) OR (from:neasa_neasa) OR (from:brendanhowlin) OR (from:hhumphreysfg) OR (from:ginosocialist) OR (from:martin_kenny) OR (from:clairekerrane) OR (from:johnlahart) OR (from:lawlessj) OR (from:brianleddin),2020-02-02T00:00:00.000Z,2020-02-03T00:00:00.000Z,126
(from:mickbarrytd) OR (from:berrycathal) OR (from:brophytalks) OR (from:jamesbrownetd) OR (from:browne4dail) OR (from:patbuckleysfme) OR (from:colmburketd) OR (from:marybutlertd) OR (from:thomasbyrnetd) OR (from:jackiecahillff) OR (from:hollycairnstd) OR (from:seancanney) OR (from:carrolljennifer) OR (from:jackfchambers) OR (from:sorcaclarke_td) OR (from:michaelc_ind_td) OR (from:conwaywalsh) OR (from:costellop) OR (from:readacronin) OR (from:cathalcrowetd) OR (from:seancrowetd) OR (from:alan_dillon) OR (from:fnduffy) OR (from:farrell_mairead) OR (from:michaelfitzmau1) OR (from:pfitzpatricktd) OR (from:joefla) OR (from:seanflemingtd) OR (from:normafoleytd1) OR (from:kathleensf1) OR (from:garygannontd) OR (from:thomasgouldsf) OR (from:johnnyguirke) OR (from:sean_haughey) OR (from:emerhigginstd) OR (from:neasa_neasa) OR (from:brendanhowlin) OR (from:hhumphreysfg) OR (from:ginosocialist) OR (from:martin_kenny) OR (from:clairekerrane) OR (from:johnlahart) OR (from:lawlessj) OR (from:brianleddin),2020-02-03T00:00:00.000Z,2020-02-04T00:00:00.000Z,146
(from:mickbarrytd) OR (from:berrycathal) OR (from:brophytalks) OR (from:jamesbrownetd) OR (from:browne4dail) OR (from:patbuckleysfme) OR (from:colmburketd) OR (from:marybutlertd) OR (from:thomasbyrnetd) OR (from:jackiecahillff) OR (from:hollycairnstd) OR (from:seancanney) OR (from:carrolljennifer) OR (from:jackfchambers) OR (from:sorcaclarke_td) OR (from:michaelc_ind_td) OR (from:conwaywalsh) OR (from:costellop) OR (from:readacronin) OR (from:cathalcrowetd) OR (from:seancrowetd) OR (from:alan_dillon) OR (from:fnduffy) OR (from:farrell_mairead) OR (from:michaelfitzmau1) OR (from:pfitzpatricktd) OR (from:joefla) OR (from:seanflemingtd) OR (from:normafoleytd1) OR (from:kathleensf1) OR (from:garygannontd) OR (from:thomasgouldsf) OR (from:johnnyguirke) OR (from:sean_haughey) OR (from:emerhigginstd) OR (from:neasa_neasa) OR (from:brendanhowlin) OR (from:hhumphreysfg) OR (from:ginosocialist) OR (from:martin_kenny) OR (from:clairekerrane) OR (from:johnlahart) OR (from:lawlessj) OR (from:brianleddin),2020-02-04T00:00:00.000Z,2020-02-05T00:00:00.000Z,195
(from:mickbarrytd) OR (from:berrycathal) OR (from:brophytalks) OR (from:jamesbrownetd) OR (from:browne4dail) OR (from:patbuckleysfme) OR (from:colmburketd) OR (from:marybutlertd) OR (from:thomasbyrnetd) OR (from:jackiecahillff) OR (from:hollycairnstd) OR (from:seancanney) OR (from:carrolljennifer) OR (from:jackfchambers) OR (from:sorcaclarke_td) OR (from:michaelc_ind_td) OR (from:conwaywalsh) OR (from:costellop) OR (from:readacronin) OR (from:cathalcrowetd) OR (from:seancrowetd) OR (from:alan_dillon) OR (from:fnduffy) OR (from:farrell_mairead) OR (from:michaelfitzmau1) OR (from:pfitzpatricktd) OR (from:joefla) OR (from:seanflemingtd) OR (from:normafoleytd1) OR (from:kathleensf1) OR (from:garygannontd) OR (from:thomasgouldsf) OR (from:johnnyguirke) OR (from:sean_haughey) OR (from:emerhigginstd) OR (from:neasa_neasa) OR (from:brendanhowlin) OR (from:hhumphreysfg) OR (from:ginosocialist) OR (from:martin_kenny) OR (from:clairekerrane) OR (from:johnlahart) OR (from:lawlessj) OR (from:brianleddin),2020-02-05T00:00:00.000Z,2020-02-06T00:00:00.000Z,151
(from:mickbarrytd) OR (from:berrycathal) OR (from:brophytalks) OR (from:jamesbrownetd) OR (from:browne4dail) OR (from:patbuckleysfme) OR (from:colmburketd) OR (from:marybutlertd) OR (from:thomasbyrnetd) OR (from:jackiecahillff) OR (from:hollycairnstd) OR (from:seancanney) OR (from:carrolljennifer) OR (from:jackfchambers) OR (from:sorcaclarke_td) OR (from:michaelc_ind_td) OR (from:conwaywalsh) OR (from:costellop) OR (from:readacronin) OR (from:cathalcrowetd) OR (from:seancrowetd) OR (from:alan_dillon) OR (from:fnduffy) OR (from:farrell_mairead) OR (from:michaelfitzmau1) OR (from:pfitzpatricktd) OR (from:joefla) OR (from:seanflemingtd) OR (from:normafoleytd1) OR (from:kathleensf1) OR (from:garygannontd) OR (from:thomasgouldsf) OR (from:johnnyguirke) OR (from:sean_haughey) OR (from:emerhigginstd) OR (from:neasa_neasa) OR (from:brendanhowlin) OR (from:hhumphreysfg) OR (from:ginosocialist) OR (from:martin_kenny) OR (from:clairekerrane) OR (from:johnlahart) OR (from:lawlessj) OR (from:brianleddin),2020-02-06T00:00:00.000Z,2020-02-07T00:00:00.000Z,179
(from:mickbarrytd) OR (from:berrycathal) OR (from:brophytalks) OR (from:jamesbrownetd) OR (from:browne4dail) OR (from:patbuckleysfme) OR (from:colmburketd) OR (from:marybutlertd) OR (from:thomasbyrnetd) OR (from:jackiecahillff) OR (from:hollycairnstd) OR (from:seancanney) OR (from:carrolljennifer) OR (from:jackfchambers) OR (from:sorcaclarke_td) OR (from:michaelc_ind_td) OR (from:conwaywalsh) OR (from:costellop) OR (from:readacronin) OR (from:cathalcrowetd) OR (from:seancrowetd) OR (from:alan_dillon) OR (from:fnduffy) OR (from:farrell_mairead) OR (from:michaelfitzmau1) OR (from:pfitzpatricktd) OR (from:joefla) OR (from:seanflemingtd) OR (from:normafoleytd1) OR (from:kathleensf1) OR (from:garygannontd) OR (from:thomasgouldsf) OR (from:johnnyguirke) OR (from:sean_haughey) OR (from:emerhigginstd) OR (from:neasa_neasa) OR (from:brendanhowlin) OR (from:hhumphreysfg) OR (from:ginosocialist) OR (from:martin_kenny) OR (from:clairekerrane) OR (from:johnlahart) OR (from:lawlessj) OR (from:brianleddin),2020-02-07T00:00:00.000Z,2020-02-08T00:00:00.000Z,234
(from:mickbarrytd) OR (from:berrycathal) OR (from:brophytalks) OR (from:jamesbrownetd) OR (from:browne4dail) OR (from:patbuckleysfme) OR (from:colmburketd) OR (from:marybutlertd) OR (from:thomasbyrnetd) OR (from:jackiecahillff) OR (from:hollycairnstd) OR (from:seancanney) OR (from:carrolljennifer) OR (from:jackfchambers) OR (from:sorcaclarke_td) OR (from:michaelc_ind_td) OR (from:conwaywalsh) OR (from:costellop) OR (from:readacronin) OR (from:cathalcrowetd) OR (from:seancrowetd) OR (from:alan_dillon) OR (from:fnduffy) OR (from:farrell_mairead) OR (from:michaelfitzmau1) OR (from:pfitzpatricktd) OR (from:joefla) OR (from:seanflemingtd) OR (from:normafoleytd1) OR (from:kathleensf1) OR (from:garygannontd) OR (from:thomasgouldsf) OR (from:johnnyguirke) OR (from:sean_haughey) OR (from:emerhigginstd) OR (from:neasa_neasa) OR (from:brendanhowlin) OR (from:hhumphreysfg) OR (from:ginosocialist) OR (from:martin_kenny) OR (from:clairekerrane) OR (from:johnlahart) OR (from:lawlessj) OR (from:brianleddin),2020-02-08T00:00:00.000Z,2020-02-09T00:00:00.000Z,354
(from:mickbarrytd) OR (from:berrycathal) OR (from:brophytalks) OR (from:jamesbrownetd) OR (from:browne4dail) OR (from:patbuckleysfme) OR (from:colmburketd) OR (from:marybutlertd) OR (from:thomasbyrnetd) OR (from:jackiecahillff) OR (from:hollycairnstd) OR (from:seancanney) OR (from:carrolljennifer) OR (from:jackfchambers) OR (from:sorcaclarke_td) OR (from:michaelc_ind_td) OR (from:conwaywalsh) OR (from:costellop) OR (from:readacronin) OR (from:cathalcrowetd) OR (from:seancrowetd) OR (from:alan_dillon) OR (from:fnduffy) OR (from:farrell_mairead) OR (from:michaelfitzmau1) OR (from:pfitzpatricktd) OR (from:joefla) OR (from:seanflemingtd) OR (from:normafoleytd1) OR (from:kathleensf1) OR (from:garygannontd) OR (from:thomasgouldsf) OR (from:johnnyguirke) OR (from:sean_haughey) OR (from:emerhigginstd) OR (from:neasa_neasa) OR (from:brendanhowlin) OR (from:hhumphreysfg) OR (from:ginosocialist) OR (from:martin_kenny) OR (from:clairekerrane) OR (from:johnlahart) OR (from:lawlessj) OR (from:brianleddin),2020-02-09T00:00:00.000Z,2020-02-10T00:00:00.000Z,84
(from:mickbarrytd) OR (from:berrycathal) OR (from:brophytalks) OR (from:jamesbrownetd) OR (from:browne4dail) OR (from:patbuckleysfme) OR (from:colmburketd) OR (from:marybutlertd) OR (from:thomasbyrnetd) OR (from:jackiecahillff) OR (from:hollycairnstd) OR (from:seancanney) OR (from:carrolljennifer) OR (from:jackfchambers) OR (from:sorcaclarke_td) OR (from:michaelc_ind_td) OR (from:conwaywalsh) OR (from:costellop) OR (from:readacronin) OR (from:cathalcrowetd) OR (from:seancrowetd) OR (from:alan_dillon) OR (from:fnduffy) OR (from:farrell_mairead) OR (from:michaelfitzmau1) OR (from:pfitzpatricktd) OR (from:joefla) OR (from:seanflemingtd) OR (from:normafoleytd1) OR (from:kathleensf1) OR (from:garygannontd) OR (from:thomasgouldsf) OR (from:johnnyguirke) OR (from:sean_haughey) OR (from:emerhigginstd) OR (from:neasa_neasa) OR (from:brendanhowlin) OR (from:hhumphreysfg) OR (from:ginosocialist) OR (from:martin_kenny) OR (from:clairekerrane) OR (from:johnlahart) OR (from:lawlessj) OR (from:brianleddin),2020-02-10T00:00:00.000Z,2020-02-11T00:00:00.000Z,153
(from:mickbarrytd) OR (from:berrycathal) OR (from:brophytalks) OR (from:jamesbrownetd) OR (from:browne4dail) OR (from:patbuckleysfme) OR (from:colmburketd) OR (from:marybutlertd) OR (from:thomasbyrnetd) OR (from:jackiecahillff) OR (from:hollycairnstd) OR (from:seancanney) OR (from:carrolljennifer) OR (from:jackfchambers) OR (from:sorcaclarke_td) OR (from:michaelc_ind_td) OR (from:conwaywalsh) OR (from:costellop) OR (from:readacronin) OR (from:cathalcrowetd) OR (from:seancrowetd) OR (from:alan_dillon) OR (from:fnduffy) OR (from:farrell_mairead) OR (from:michaelfitzmau1) OR (from:pfitzpatricktd) OR (from:joefla) OR (from:seanflemingtd) OR (from:normafoleytd1) OR (from:kathleensf1) OR (from:garygannontd) OR (from:thomasgouldsf) OR (from:johnnyguirke) OR (from:sean_haughey) OR (from:emerhigginstd) OR (from:neasa_neasa) OR (from:brendanhowlin) OR (from:hhumphreysfg) OR (from:ginosocialist) OR (from:martin_kenny) OR (from:clairekerrane) OR (from:johnlahart) OR (from:lawlessj) OR (from:brianleddin),2020-02-11T00:00:00.000Z,2020-02-12T00:00:00.000Z,112
(from:mickbarrytd) OR (from:berrycathal) OR (from:brophytalks) OR (from:jamesbrownetd) OR (from:browne4dail) OR (from:patbuckleysfme) OR (from:colmburketd) OR (from:marybutlertd) OR (from:thomasbyrnetd) OR (from:jackiecahillff) OR (from:hollycairnstd) OR (from:seancanney) OR (from:carrolljennifer) OR (from:jackfchambers) OR (from:sorcaclarke_td) OR (from:michaelc_ind_td) OR (from:conwaywalsh) OR (from:costellop) OR (from:readacronin) OR (from:cathalcrowetd) OR (from:seancrowetd) OR (from:alan_dillon) OR (from:fnduffy) OR (from:farrell_mairead) OR (from:michaelfitzmau1) OR (from:pfitzpatricktd) OR (from:joefla) OR (from:seanflemingtd) OR (from:normafoleytd1) OR (from:kathleensf1) OR (from:garygannontd) OR (from:thomasgouldsf) OR (from:johnnyguirke) OR (from:sean_haughey) OR (from:emerhigginstd) OR (from:neasa_neasa) OR (from:brendanhowlin) OR (from:hhumphreysfg) OR (from:ginosocialist) OR (from:martin_kenny) OR (from:clairekerrane) OR (from:johnlahart) OR (from:lawlessj) OR (from:brianleddin),2020-02-12T00:00:00.000Z,2020-02-13T00:00:00.000Z,60
(from:mickbarrytd) OR (from:berrycathal) OR (from:brophytalks) OR (from:jamesbrownetd) OR (from:browne4dail) OR (from:patbuckleysfme) OR (from:colmburketd) OR (from:marybutlertd) OR (from:thomasbyrnetd) OR (from:jackiecahillff) OR (from:hollycairnstd) OR (from:seancanney) OR (from:carrolljennifer) OR (from:jackfchambers) OR (from:sorcaclarke_td) OR (from:michaelc_ind_td) OR (from:conwaywalsh) OR (from:costellop) OR (from:readacronin) OR (from:cathalcrowetd) OR (from:seancrowetd) OR (from:alan_dillon) OR (from:fnduffy) OR (from:farrell_mairead) OR (from:michaelfitzmau1) OR (from:pfitzpatricktd) OR (from:joefla) OR (from:seanflemingtd) OR (from:normafoleytd1) OR (from:kathleensf1) OR (from:garygannontd) OR (from:thomasgouldsf) OR (from:johnnyguirke) OR (from:sean_haughey) OR (from:emerhigginstd) OR (from:neasa_neasa) OR (from:brendanhowlin) OR (from:hhumphreysfg) OR (from:ginosocialist) OR (from:martin_kenny) OR (from:clairekerrane) OR (from:johnlahart) OR (from:lawlessj) OR (from:brianleddin),2020-02-13T00:00:00.000Z,2020-02-14T00:00:00.000Z,52
(from:mickbarrytd) OR (from:berrycathal) OR (from:brophytalks) OR (from:jamesbrownetd) OR (from:browne4dail) OR (from:patbuckleysfme) OR (from:colmburketd) OR (from:marybutlertd) OR (from:thomasbyrnetd) OR (from:jackiecahillff) OR (from:hollycairnstd) OR (from:seancanney) OR (from:carrolljennifer) OR (from:jackfchambers) OR (from:sorcaclarke_td) OR (from:michaelc_ind_td) OR (from:conwaywalsh) OR (from:costellop) OR (from:readacronin) OR (from:cathalcrowetd) OR (from:seancrowetd) OR (from:alan_dillon) OR (from:fnduffy) OR (from:farrell_mairead) OR (from:michaelfitzmau1) OR (from:pfitzpatricktd) OR (from:joefla) OR (from:seanflemingtd) OR (from:normafoleytd1) OR (from:kathleensf1) OR (from:garygannontd) OR (from:thomasgouldsf) OR (from:johnnyguirke) OR (from:sean_haughey) OR (from:emerhigginstd) OR (from:neasa_neasa) OR (from:brendanhowlin) OR (from:hhumphreysfg) OR (from:ginosocialist) OR (from:martin_kenny) OR (from:clairekerrane) OR (from:johnlahart) OR (from:lawlessj) OR (from:brianleddin),2020-02-14T00:00:00.000Z,2020-02-15T00:00:00.000Z,57
(from:michael_lowry) OR (from:josephamadigan) OR (from:cathmartingreen) OR (from:stevengreen1) OR (from:hmcentee) OR (from:mmcgrathtd) OR (from:mchughjoetd) OR (from:mimcnamaratd) OR (from:dmitchelltd) OR (from:aindriasmoynih1) OR (from:mmoynihantd) OR (from:imeldamunster) OR (from:jenmurnaneoconn) OR (from:veronamurphyind) OR (from:johnnymythensf) OR (from:cnolanoffaly) OR (from:noonan_malcolm) OR (from:darraghobrientd) OR (from:joefingalgreen) OR (from:ocallaghancian) OR (from:ocallaghanjim) OR (from:jamesoconnortd) OR (from:richardodonoghu) OR (from:rodericogorman) OR (from:loreillysf) OR (from:orourke_darren) OR (from:cosullivantd) OR (from:padraigosull) OR (from:jpphelan) OR (from:quinlivantd) OR (from:annerabbitte) OR (from:ryan_patricia) OR (from:mattshanahantd) OR (from:bridsmithtd) OR (from:duncansmithtd) OR (from:niamhsmythtd) OR (from:smytho) OR (from:brianstanleysf) OR (from:paulinetullytd) OR (from:leovaradkar) OR (from:wardy1916) OR (from:whitmorejen) OR (from:wynnetd) OR (from:eoinobroin),2020-02-01T00:00:00.000Z,2020-02-02T00:00:00.000Z,127
(from:michael_lowry) OR (from:josephamadigan) OR (from:cathmartingreen) OR (from:stevengreen1) OR (from:hmcentee) OR (from:mmcgrathtd) OR (from:mchughjoetd) OR (from:mimcnamaratd) OR (from:dmitchelltd) OR (from:aindriasmoynih1) OR (from:mmoynihantd) OR (from:imeldamunster) OR (from:jenmurnaneoconn) OR (from:veronamurphyind) OR (from:johnnymythensf) OR (from:cnolanoffaly) OR (from:noonan_malcolm) OR (from:darraghobrientd) OR (from:joefingalgreen) OR (from:ocallaghancian) OR (from:ocallaghanjim) OR (from:jamesoconnortd) OR (from:richardodonoghu) OR (from:rodericogorman) OR (from:loreillysf) OR (from:orourke_darren) OR (from:cosullivantd) OR (from:padraigosull) OR (from:jpphelan) OR (from:quinlivantd) OR (from:annerabbitte) OR (from:ryan_patricia) OR (from:mattshanahantd) OR (from:bridsmithtd) OR (from:duncansmithtd) OR (from:niamhsmythtd) OR (from:smytho) OR (from:brianstanleysf) OR (from:paulinetullytd) OR (from:leovaradkar) OR (from:wardy1916) OR (from:whitmorejen) OR (from:wynnetd) OR (from:eoinobroin),2020-02-02T00:00:00.000Z,2020-02-03T00:00:00.000Z,96
(from:michael_lowry) OR (from:josephamadigan) OR (from:cathmartingreen) OR (from:stevengreen1) OR (from:hmcentee) OR (from:mmcgrathtd) OR (from:mchughjoetd) OR (from:mimcnamaratd) OR (from:dmitchelltd) OR (from:aindriasmoynih1) OR (from:mmoynihantd) OR (from:imeldamunster) OR (from:jenmurnaneoconn) OR (from:veronamurphyind) OR (from:johnnymythensf) OR (from:cnolanoffaly) OR (from:noonan_malcolm) OR (from:darraghobrientd) OR (from:joefingalgreen) OR (from:ocallaghancian) OR (from:ocallaghanjim) OR (from:jamesoconnortd) OR (from:richardodonoghu) OR (from:rodericogorman) OR (from:loreillysf) OR (from:orourke_darren) OR (from:cosullivantd) OR (from:padraigosull) OR (from:jpphelan) OR (from:quinlivantd) OR (from:annerabbitte) OR (from:ryan_patricia) OR (from:mattshanahantd) OR (from:bridsmithtd) OR (from:duncansmithtd) OR (from:niamhsmythtd) OR (from:smytho) OR (from:brianstanleysf) OR (from:paulinetullytd) OR (from:leovaradkar) OR (from:wardy1916) OR (from:whitmorejen) OR (from:wynnetd) OR (from:eoinobroin),2020-02-03T00:00:00.000Z,2020-02-04T00:00:00.000Z,149
(from:michael_lowry) OR (from:josephamadigan) OR (from:cathmartingreen) OR (from:stevengreen1) OR (from:hmcentee) OR (from:mmcgrathtd) OR (from:mchughjoetd) OR (from:mimcnamaratd) OR (from:dmitchelltd) OR (from:aindriasmoynih1) OR (from:mmoynihantd) OR (from:imeldamunster) OR (from:jenmurnaneoconn) OR (from:veronamurphyind) OR (from:johnnymythensf) OR (from:cnolanoffaly) OR (from:noonan_malcolm) OR (from:darraghobrientd) OR (from:joefingalgreen) OR (from:ocallaghancian) OR (from:ocallaghanjim) OR (from:jamesoconnortd) OR (from:richardodonoghu) OR (from:rodericogorman) OR (from:loreillysf) OR (from:orourke_darren) OR (from:cosullivantd) OR (from:padraigosull) OR (from:jpphelan) OR (from:quinlivantd) OR (from:annerabbitte) OR (from:ryan_patricia) OR (from:mattshanahantd) OR (from:bridsmithtd) OR (from:duncansmithtd) OR (from:niamhsmythtd) OR (from:smytho) OR (from:brianstanleysf) OR (from:paulinetullytd) OR (from:leovaradkar) OR (from:wardy1916) OR (from:whitmorejen) OR (from:wynnetd) OR (from:eoinobroin),2020-02-04T00:00:00.000Z,2020-02-05T00:00:00.000Z,150
(from:michael_lowry) OR (from:josephamadigan) OR (from:cathmartingreen) OR (from:stevengreen1) OR (from:hmcentee) OR (from:mmcgrathtd) OR (from:mchughjoetd) OR (from:mimcnamaratd) OR (from:dmitchelltd) OR (from:aindriasmoynih1) OR (from:mmoynihantd) OR (from:imeldamunster) OR (from:jenmurnaneoconn) OR (from:veronamurphyind) OR (from:johnnymythensf) OR (from:cnolanoffaly) OR (from:noonan_malcolm) OR (from:darraghobrientd) OR (from:joefingalgreen) OR (from:ocallaghancian) OR (from:ocallaghanjim) OR (from:jamesoconnortd) OR (from:richardodonoghu) OR (from:rodericogorman) OR (from:loreillysf) OR (from:orourke_darren) OR (from:cosullivantd) OR (from:padraigosull) OR (from:jpphelan) OR (from:quinlivantd) OR (from:annerabbitte) OR (from:ryan_patricia) OR (from:mattshanahantd) OR (from:bridsmithtd) OR (from:duncansmithtd) OR (from:niamhsmythtd) OR (from:smytho) OR (from:brianstanleysf) OR (from:paulinetullytd) OR (from:leovaradkar) OR (from:wardy1916) OR (from:whitmorejen) OR (from:wynnetd) OR (from:eoinobroin),2020-02-05T00:00:00.000Z,2020-02-06T00:00:00.000Z,153
(from:michael_lowry) OR (from:josephamadigan) OR (from:cathmartingreen) OR (from:stevengreen1) OR (from:hmcentee) OR (from:mmcgrathtd) OR (from:mchughjoetd) OR (from:mimcnamaratd) OR (from:dmitchelltd) OR (from:aindriasmoynih1) OR (from:mmoynihantd) OR (from:imeldamunster) OR (from:jenmurnaneoconn) OR (from:veronamurphyind) OR (from:johnnymythensf) OR (from:cnolanoffaly) OR (from:noonan_malcolm) OR (from:darraghobrientd) OR (from:joefingalgreen) OR (from:ocallaghancian) OR (from:ocallaghanjim) OR (from:jamesoconnortd) OR (from:richardodonoghu) OR (from:rodericogorman) OR (from:loreillysf) OR (from:orourke_darren) OR (from:cosullivantd) OR (from:padraigosull) OR (from:jpphelan) OR (from:quinlivantd) OR (from:annerabbitte) OR (from:ryan_patricia) OR (from:mattshanahantd) OR (from:bridsmithtd) OR (from:duncansmithtd) OR (from:niamhsmythtd) OR (from:smytho) OR (from:brianstanleysf) OR (from:paulinetullytd) OR (from:leovaradkar) OR (from:wardy1916) OR (from:whitmorejen) OR (from:wynnetd) OR (from:eoinobroin),2020-02-06T00:00:00.000Z,2020-02-07T00:00:00.000Z,129
(from:michael_lowry) OR (from:josephamadigan) OR (from:cathmartingreen) OR (from:stevengreen1) OR (from:hmcentee) OR (from:mmcgrathtd) OR (from:mchughjoetd) OR (from:mimcnamaratd) OR (from:dmitchelltd) OR (from:aindriasmoynih1) OR (from:mmoynihantd) OR (from:imeldamunster) OR (from:jenmurnaneoconn) OR (from:veronamurphyind) OR (from:johnnymythensf) OR (from:cnolanoffaly) OR (from:noonan_malcolm) OR (from:darraghobrientd) OR (from:joefingalgreen) OR (from:ocallaghancian) OR (from:ocallaghanjim) OR (from:jamesoconnortd) OR (from:richardodonoghu) OR (from:rodericogorman) OR (from:loreillysf) OR (from:orourke_darren) OR (from:cosullivantd) OR (from:padraigosull) OR (from:jpphelan) OR (from:quinlivantd) OR (from:annerabbitte) OR (from:ryan_patricia) OR (from:mattshanahantd) OR (from:bridsmithtd) OR (from:duncansmithtd) OR (from:niamhsmythtd) OR (from:smytho) OR (from:brianstanleysf) OR (from:paulinetullytd) OR (from:leovaradkar) OR (from:wardy1916) OR (from:whitmorejen) OR (from:wynnetd) OR (from:eoinobroin),2020-02-07T00:00:00.000Z,2020-02-08T00:00:00.000Z,129
(from:michael_lowry) OR (from:josephamadigan) OR (from:cathmartingreen) OR (from:stevengreen1) OR (from:hmcentee) OR (from:mmcgrathtd) OR (from:mchughjoetd) OR (from:mimcnamaratd) OR (from:dmitchelltd) OR (from:aindriasmoynih1) OR (from:mmoynihantd) OR (from:imeldamunster) OR (from:jenmurnaneoconn) OR (from:veronamurphyind) OR (from:johnnymythensf) OR (from:cnolanoffaly) OR (from:noonan_malcolm) OR (from:darraghobrientd) OR (from:joefingalgreen) OR (from:ocallaghancian) OR (from:ocallaghanjim) OR (from:jamesoconnortd) OR (from:richardodonoghu) OR (from:rodericogorman) OR (from:loreillysf) OR (from:orourke_darren) OR (from:cosullivantd) OR (from:padraigosull) OR (from:jpphelan) OR (from:quinlivantd) OR (from:annerabbitte) OR (from:ryan_patricia) OR (from:mattshanahantd) OR (from:bridsmithtd) OR (from:duncansmithtd) OR (from:niamhsmythtd) OR (from:smytho) OR (from:brianstanleysf) OR (from:paulinetullytd) OR (from:leovaradkar) OR (from:wardy1916) OR (from:whitmorejen) OR (from:wynnetd) OR (from:eoinobroin),2020-02-08T00:00:00.000Z,2020-02-09T00:00:00.000Z,184
(from:michael_lowry) OR (from:josephamadigan) OR (from:cathmartingreen) OR (from:stevengreen1) OR (from:hmcentee) OR (from:mmcgrathtd) OR (from:mchughjoetd) OR (from:mimcnamaratd) OR (from:dmitchelltd) OR (from:aindriasmoynih1) OR (from:mmoynihantd) OR (from:imeldamunster) OR (from:jenmurnaneoconn) OR (from:veronamurphyind) OR (from:johnnymythensf) OR (from:cnolanoffaly) OR (from:noonan_malcolm) OR (from:darraghobrientd) OR (from:joefingalgreen) OR (from:ocallaghancian) OR (from:ocallaghanjim) OR (from:jamesoconnortd) OR (from:richardodonoghu) OR (from:rodericogorman) OR (from:loreillysf) OR (from:orourke_darren) OR (from:cosullivantd) OR (from:padraigosull) OR (from:jpphelan) OR (from:quinlivantd) OR (from:annerabbitte) OR (from:ryan_patricia) OR (from:mattshanahantd) OR (from:bridsmithtd) OR (from:duncansmithtd) OR (from:niamhsmythtd) OR (from:smytho) OR (from:brianstanleysf) OR (from:paulinetullytd) OR (from:leovaradkar) OR (from:wardy1916) OR (from:whitmorejen) OR (from:wynnetd) OR (from:eoinobroin),2020-02-09T00:00:00.000Z,2020-02-10T00:00:00.000Z,61
(from:michael_lowry) OR (from:josephamadigan) OR (from:cathmartingreen) OR (from:stevengreen1) OR (from:hmcentee) OR (from:mmcgrathtd) OR (from:mchughjoetd) OR (from:mimcnamaratd) OR (from:dmitchelltd) OR (from:aindriasmoynih1) OR (from:mmoynihantd) OR (from:imeldamunster) OR (from:jenmurnaneoconn) OR (from:veronamurphyind) OR (from:johnnymythensf) OR (from:cnolanoffaly) OR (from:noonan_malcolm) OR (from:darraghobrientd) OR (from:joefingalgreen) OR (from:ocallaghancian) OR (from:ocallaghanjim) OR (from:jamesoconnortd) OR (from:richardodonoghu) OR (from:rodericogorman) OR (from:loreillysf) OR (from:orourke_darren) OR (from:cosullivantd) OR (from:padraigosull) OR (from:jpphelan) OR (from:quinlivantd) OR (from:annerabbitte) OR (from:ryan_patricia) OR (from:mattshanahantd) OR (from:bridsmithtd) OR (from:duncansmithtd) OR (from:niamhsmythtd) OR (from:smytho) OR (from:brianstanleysf) OR (from:paulinetullytd) OR (from:leovaradkar) OR (from:wardy1916) OR (from:whitmorejen) OR (from:wynnetd) OR (from:eoinobroin),2020-02-10T00:00:00.000Z,2020-02-11T00:00:00.000Z,107
(from:michael_lowry) OR (from:josephamadigan) OR (from:cathmartingreen) OR (from:stevengreen1) OR (from:hmcentee) OR (from:mmcgrathtd) OR (from:mchughjoetd) OR (from:mimcnamaratd) OR (from:dmitchelltd) OR (from:aindriasmoynih1) OR (from:mmoynihantd) OR (from:imeldamunster) OR (from:jenmurnaneoconn) OR (from:veronamurphyind) OR (from:johnnymythensf) OR (from:cnolanoffaly) OR (from:noonan_malcolm) OR (from:darraghobrientd) OR (from:joefingalgreen) OR (from:ocallaghancian) OR (from:ocallaghanjim) OR (from:jamesoconnortd) OR (from:richardodonoghu) OR (from:rodericogorman) OR (from:loreillysf) OR (from:orourke_darren) OR (from:cosullivantd) OR (from:padraigosull) OR (from:jpphelan) OR (from:quinlivantd) OR (from:annerabbitte) OR (from:ryan_patricia) OR (from:mattshanahantd) OR (from:bridsmithtd) OR (from:duncansmithtd) OR (from:niamhsmythtd) OR (from:smytho) OR (from:brianstanleysf) OR (from:paulinetullytd) OR (from:leovaradkar) OR (from:wardy1916) OR (from:whitmorejen) OR (from:wynnetd) OR (from:eoinobroin),2020-02-11T00:00:00.000Z,2020-02-12T00:00:00.000Z,90
(from:michael_lowry) OR (from:josephamadigan) OR (from:cathmartingreen) OR (from:stevengreen1) OR (from:hmcentee) OR (from:mmcgrathtd) OR (from:mchughjoetd) OR (from:mimcnamaratd) OR (from:dmitchelltd) OR (from:aindriasmoynih1) OR (from:mmoynihantd) OR (from:imeldamunster) OR (from:jenmurnaneoconn) OR (from:veronamurphyind) OR (from:johnnymythensf) OR (from:cnolanoffaly) OR (from:noonan_malcolm) OR (from:darraghobrientd) OR (from:joefingalgreen) OR (from:ocallaghancian) OR (from:ocallaghanjim) OR (from:jamesoconnortd) OR (from:richardodonoghu) OR (from:rodericogorman) OR (from:loreillysf) OR (from:orourke_darren) OR (from:cosullivantd) OR (from:padraigosull) OR (from:jpphelan) OR (from:quinlivantd) OR (from:annerabbitte) OR (from:ryan_patricia) OR (from:mattshanahantd) OR (from:bridsmithtd) OR (from:duncansmithtd) OR (from:niamhsmythtd) OR (from:smytho) OR (from:brianstanleysf) OR (from:paulinetullytd) OR (from:leovaradkar) OR (from:wardy1916) OR (from:whitmorejen) OR (from:wynnetd) OR (from:eoinobroin),2020-02-12T00:00:00.000Z,2020-02-13T00:00:00.000Z,45
(from:michael_lowry) OR (from:josephamadigan) OR (from:cathmartingreen) OR (from:stevengreen1) OR (from:hmcentee) OR (from:mmcgrathtd) OR (from:mchughjoetd) OR (from:mimcnamaratd) OR (from:dmitchelltd) OR (from:aindriasmoynih1) OR (from:mmoynihantd) OR (from:imeldamunster) OR (from:jenmurnaneoconn) OR (from:veronamurphyind) OR (from:johnnymythensf) OR (from:cnolanoffaly) OR (from:noonan_malcolm) OR (from:darraghobrientd) OR (from:joefingalgreen) OR (from:ocallaghancian) OR (from:ocallaghanjim) OR (from:jamesoconnortd) OR (from:richardodonoghu) OR (from:rodericogorman) OR (from:loreillysf) OR (from:orourke_darren) OR (from:cosullivantd) OR (from:padraigosull) OR (from:jpphelan) OR (from:quinlivantd) OR (from:annerabbitte) OR (from:ryan_patricia) OR (from:mattshanahantd) OR (from:bridsmithtd) OR (from:duncansmithtd) OR (from:niamhsmythtd) OR (from:smytho) OR (from:brianstanleysf) OR (from:paulinetullytd) OR (from:leovaradkar) OR (from:wardy1916) OR (from:whitmorejen) OR (from:wynnetd) OR (from:eoinobroin),2020-02-13T00:00:00.000Z,2020-02-14T00:00:00.000Z,57
(from:michael_lowry) OR (from:josephamadigan) OR (from:cathmartingreen) OR (from:stevengreen1) OR (from:hmcentee) OR (from:mmcgrathtd) OR (from:mchughjoetd) OR (from:mimcnamaratd) OR (from:dmitchelltd) OR (from:aindriasmoynih1) OR (from:mmoynihantd) OR (from:imeldamunster) OR (from:jenmurnaneoconn) OR (from:veronamurphyind) OR (from:johnnymythensf) OR (from:cnolanoffaly) OR (from:noonan_malcolm) OR (from:darraghobrientd) OR (from:joefingalgreen) OR (from:ocallaghancian) OR (from:ocallaghanjim) OR (from:jamesoconnortd) OR (from:richardodonoghu) OR (from:rodericogorman) OR (from:loreillysf) OR (from:orourke_darren) OR (from:cosullivantd) OR (from:padraigosull) OR (from:jpphelan) OR (from:quinlivantd) OR (from:annerabbitte) OR (from:ryan_patricia) OR (from:mattshanahantd) OR (from:bridsmithtd) OR (from:duncansmithtd) OR (from:niamhsmythtd) OR (from:smytho) OR (from:brianstanleysf) OR (from:paulinetullytd) OR (from:leovaradkar) OR (from:wardy1916) OR (from:whitmorejen) OR (from:wynnetd) OR (from:eoinobroin),2020-02-14T00:00:00.000Z,2020-02-15T00:00:00.000Z,48
(from:marckc_green) OR (from:sofearghail_td) OR (from:donnchadhol) OR (from:romurchu),2020-02-01T00:00:00.000Z,2020-02-02T00:00:00.000Z,7
(from:marckc_green) OR (from:sofearghail_td) OR (from:donnchadhol) OR (from:romurchu),2020-02-02T00:00:00.000Z,2020-02-03T00:00:00.000Z,12
(from:marckc_green) OR (from:sofearghail_td) OR (from:donnchadhol) OR (from:romurchu),2020-02-03T00:00:00.000Z,2020-02-04T00:00:00.000Z,32
(from:marckc_green) OR (from:sofearghail_td) OR (from:donnchadhol) OR (from:romurchu),2020-02-04T00:00:00.000Z,2020-02-05T00:00:00.000Z,39
(from:marckc_green) OR (from:sofearghail_td) OR (from:donnchadhol) OR (from:romurchu),2020-02-05T00:00:00.000Z,2020-02-06T00:00:00.000Z,20
(from:marckc_green) OR (from:sofearghail_td) OR (from:donnchadhol) OR (from:romurchu),2020-02-06T00:00:00.000Z,2020-02-07T00:00:00.000Z,27
(from:marckc_green) OR (from:sofearghail_td) OR (from:donnchadhol) OR (from:romurchu),2020-02-07T00:00:00.000Z,2020-02-08T00:00:00.000Z,21
(from:marckc_green) OR (from:sofearghail_td) OR (from:donnchadhol) OR (from:romurchu),2020-02-08T00:00:00.000Z,2020-02-09T00:00:00.000Z,20
(from:marckc_green) OR (from:sofearghail_td) OR (from:donnchadhol) OR (from:romurchu),2020-02-09T00:00:00.000Z,2020-02-10T00:00:00.000Z,2
(from:marckc_green) OR (from:sofearghail_td) OR (from:donnchadhol) OR (from:romurchu),2020-02-10T00:00:00.000Z,2020-02-11T00:00:00.000Z,10
(from:marckc_green) OR (from:sofearghail_td) OR (from:donnchadhol) OR (from:romurchu),2020-02-11T00:00:00.000Z,2020-02-12T00:00:00.000Z,1
(from:marckc_green) OR (from:sofearghail_td) OR (from:donnchadhol) OR (from:romurchu),2020-02-12T00:00:00.000Z,2020-02-13T00:00:00.000Z,2
(from:marckc_green) OR (from:sofearghail_td) OR (from:donnchadhol) OR (from:romurchu),2020-02-13T00:00:00.000Z,2020-02-14T00:00:00.000Z,5
(from:marckc_green) OR (from:sofearghail_td) OR (from:donnchadhol) OR (from:romurchu),2020-02-14T00:00:00.000Z,2020-02-15T00:00:00.000Z,6
